RewriteEngine On

# Rewrite rule to convert /mla-new/dynamic-value.html to /mla-new/product.php?url=dynamic-value
# Redirect from non-www to www
RewriteCond %{HTTP_HOST} !^www\. [NC]
RewriteRule ^ https://www.%{HTTP_HOST}%{REQUEST_URI} [R=301,L]

# Redirect from HTTP to HTTPS
RewriteCond %{HTTPS} off
RewriteRule ^ https://%{HTTP_HOST}%{REQUEST_URI} [R=301,L]
RewriteRule ^([^/]+)\.html$ product.php?url=$1 [L,QSA]

RewriteCond %{REQUEST_FILENAME} !-f
RewriteRule \.php$ - [R=404]

ErrorDocument 404 /404.php

# Redirect requests for .php URLs to non-.php URLs
RewriteCond %{THE_REQUEST} ^[A-Z]{3,9}\s([^.]+)\.php [NC]
RewriteRule ^ %1 [R=301,L]

# Internally rewrite non-.php URLs to .php files
RewriteCond %{REQUEST_FILENAME} !-d
RewriteCond %{REQUEST_FILENAME} !-f
RewriteRule ^([^/]+)$ $1.php [L]



Redirect 301 /rnd.html https://www.mlagroup.com/r-and-d


# php -- BEGIN cPanel-generated handler, do not edit
# This domain inherits the “PHP” package.
# php -- END cPanel-generated handler, do not edit




# Redirect 301 /rnd.html https://www.mlagroup.com/r-and-d

Redirect 301 /download/unilub/UNILUB%20PS.pdf https://www.mlagroup.com/download/unilub/UNILUB_PS.pdf
Redirect 301 /download/unilub/UNILUB%20SA.pdf https://www.mlagroup.com/download/unilub/UNILUB_SA.pdf
Redirect 301 /download/unilub/UNILUB%20WAX-E-P-200a.pdf https://www.mlagroup.com/download/unilub/UNILUB_WAX_E_P_200a.pdf
Redirect 301 /download/unisil/Al.Sil.NK-20A-HS_06.pdf https://www.mlagroup.com/download/unisil/Al_Sil_NK_20A_HS_06.pdf
Redirect 301 /download/uniflow/Ca.St.DLI_petro_07.pdf https://www.mlagroup.com/download/uniflow/Ca_St_DLI_petro_07.pdf
Redirect 301 /download/uniflow/barium_stearate_UNIFLOW-BS_01.pdf https://www.mlagroup.com/download/uniflow/barium_stearate_UNIFLOW_BS_01.pdf
Redirect 301 /download/unistab/UNISTAB%20LEAD%20STEARATE.pdf https://www.mlagroup.com/download/unistab/UNISTAB_LEAD_STEARATE.pdf
Redirect 301 /download/unistab/UNISTAB%20TBLS.pdf https://www.mlagroup.com/download/unistab/UNISTAB_TBLS.pdf
Redirect 301 /download/unistab/UNISTAB%20DBLS.pdf https://www.mlagroup.com/download/unistab/UNISTAB_DBLS.pdf
Redirect 301 /download/unilub/UNILUB%20PE-7.pdf https://www.mlagroup.com/download/unilub/UNILUB_PE-7.pdf
Redirect 301 /download/unistab/UNISTAB%20MM%20SN-19.pdf https://www.mlagroup.com/download/unistab/UNISTAB_MM_SN_19.pdf

Redirect 301 /index_services.html https://www.mlagroup.com/about
Redirect 301 /index_facilities.html https://www.mlagroup.com/about
Redirect 301 /index_rnd.html https://www.mlagroup.com/r-and-d
Redirect 301 /ethylene-glycol-distearate-manufacturer-in-india.html https://www.mlagroup.com/ethylene-glycol-di-stearate-manufacturers-in-india.html
Redirect 301 /ethylene-glycol-monostearate-manufacturers-in-india.html https://www.mlagroup.com/ethylene-glycol-mono-stearate-manufacturers-in-india.html
Redirect 301 /pvc-heat-stabilizers-manufacturer.html https://www.mlagroup.com/pvc-heat-stabilizers-manufacturers.html

Redirect 301 /pvc-heat-stabilizers-manufacturer.html https://www.mlagroup.com/pvc-heat-stabilizers-manufacturers.html
